{"cameraMode":{"drawMode":0,"name":"Shaded","section":"Shading Mode"},"sceneLighting":true,"audioPlay":false,"sceneViewState":{"showFog":true,"showMaterialUpdate":false,"showSkybox":true,"showFlares":true,"showImageEffects":true,"showParticleSystems":true},"in2DMode":false,"pivot":{"x":3.249379873275757,"y":-0.3405570983886719,"z":17.487743377685548},"rotation":{"x":0.0497908778488636,"y":-0.0030087323393672706,"z":0.00014944847498554736,"w":0.998755156993866},"size":24.87846565246582,"orthographic":false}