{"cameraMode":{"drawMode":0,"name":"Shaded","section":"Shading Mode"},"sceneLighting":true,"audioPlay":false,"sceneViewState":{"showFog":true,"showMaterialUpdate":false,"showSkybox":true,"showFlares":true,"showImageEffects":true,"showParticleSystems":true},"in2DMode":false,"pivot":{"x":8.286933898925782,"y":9.923654556274414,"z":6.137428283691406},"rotation":{"x":0.10502418130636215,"y":0.04174252226948738,"z":-0.004412755370140076,"w":0.9935834407806397},"size":28.83792495727539,"orthographic":false}