{"cameraMode":{"drawMode":0,"name":"Shaded","section":"Shading Mode"},"sceneLighting":false,"audioPlay":false,"sceneViewState":{"showFog":true,"showMaterialUpdate":false,"showSkybox":false,"showFlares":true,"showImageEffects":true,"showParticleSystems":true},"in2DMode":false,"pivot":{"x":-16.058860778808595,"y":2.5221705436706545,"z":12.625207901000977},"rotation":{"x":-0.03578467294573784,"y":-0.6491461992263794,"z":-0.03059711866080761,"w":0.759205162525177},"size":8.86341667175293,"orthographic":false}