{"cameraMode":{"drawMode":0,"name":"Shaded","section":"Shading Mode"},"sceneLighting":false,"audioPlay":false,"sceneViewState":{"showFog":true,"showMaterialUpdate":false,"showSkybox":false,"showFlares":true,"showImageEffects":true,"showParticleSystems":true},"in2DMode":false,"pivot":{"x":0.18949073553085328,"y":-0.07447648048400879,"z":5.801351547241211},"rotation":{"x":-0.10142769664525986,"y":0.08764119446277619,"z":-0.008970591239631176,"w":-0.990934431552887},"size":4.031699180603027,"orthographic":false}