{"cameraMode":{"drawMode":0,"name":"Shaded","section":"Shading Mode"},"sceneLighting":true,"audioPlay":false,"sceneViewState":{"showFog":true,"showMaterialUpdate":false,"showSkybox":true,"showFlares":true,"showImageEffects":true,"showParticleSystems":true},"in2DMode":false,"pivot":{"x":-12.4249906539917,"y":9.75308609008789,"z":-54.0865592956543},"rotation":{"x":0.09806063026189804,"y":-0.06057560071349144,"z":0.005980861838907003,"w":0.993317186832428},"size":22.989999771118165,"orthographic":false}