{"cameraMode":{"drawMode":0,"name":"Shaded","section":"Shading Mode"},"sceneLighting":false,"audioPlay":false,"sceneViewState":{"showFog":true,"showMaterialUpdate":false,"showSkybox":false,"showFlares":true,"showImageEffects":true,"showParticleSystems":true},"in2DMode":false,"pivot":{"x":-6.732847213745117,"y":2.1662142276763918,"z":13.937305450439454},"rotation":{"x":0.01796366088092327,"y":0.062644362449646,"z":-0.0011276884470134974,"w":0.9978736042976379},"size":11.23138427734375,"orthographic":false}