{"cameraMode":{"drawMode":0,"name":"Shaded","section":"Shading Mode"},"sceneLighting":false,"audioPlay":false,"sceneViewState":{"showFog":true,"showMaterialUpdate":false,"showSkybox":false,"showFlares":true,"showImageEffects":true,"showParticleSystems":true},"in2DMode":false,"pivot":{"x":11.22195053100586,"y":-0.9938061237335205,"z":29.833974838256837},"rotation":{"x":0.054865553975105289,"y":-0.0173807330429554,"z":0.000955997034907341,"w":0.9983420372009277},"size":37.77339553833008,"orthographic":false}