{"cameraMode":{"drawMode":0,"name":"Shaded","section":"Shading Mode"},"sceneLighting":false,"audioPlay":false,"sceneViewState":{"showFog":true,"showMaterialUpdate":false,"showSkybox":false,"showFlares":true,"showImageEffects":true,"showParticleSystems":true},"in2DMode":false,"pivot":{"x":-0.09482570737600327,"y":1.7168633937835694,"z":11.068889617919922},"rotation":{"x":-0.042487382888793948,"y":-0.21293725073337556,"z":0.009268694557249546,"w":-0.9760977029800415},"size":5.97334098815918,"orthographic":false}