{"cameraMode":{"drawMode":0,"name":"Shaded","section":"Shading Mode"},"sceneLighting":false,"audioPlay":false,"sceneViewState":{"showFog":true,"showMaterialUpdate":false,"showSkybox":false,"showFlares":true,"showImageEffects":true,"showParticleSystems":true},"in2DMode":false,"pivot":{"x":12.082001686096192,"y":1.7433710098266602,"z":14.806353569030762},"rotation":{"x":-0.03937206789851189,"y":0.5708975195884705,"z":0.027424154803156854,"w":0.8196181058883667},"size":9.604575157165528,"orthographic":false}