{"cameraMode":{"drawMode":0,"name":"Shaded","section":"Shading Mode"},"sceneLighting":false,"audioPlay":false,"sceneViewState":{"showFog":true,"showMaterialUpdate":false,"showSkybox":false,"showFlares":true,"showImageEffects":true,"showParticleSystems":true},"in2DMode":false,"pivot":{"x":5.999319553375244,"y":0.4137847423553467,"z":13.886141777038575},"rotation":{"x":-0.009679093956947327,"y":0.5910380482673645,"z":-0.007092791609466076,"w":-0.8065544366836548},"size":5.053830623626709,"orthographic":false}